id;diametr;size;brand;price_min;price_med
1;R13;155/65;KAMA;3056;3479
2;R13;155/70;CORDIANT;2487;2984
3;R13;155/70;TIGAR;2811;3326
4;R13;155/80;TOYO;3395;3657
5;R13;165/70;TIGAR;3007;3777
6;R13;175/70;BFGOODRICH;3448;3614
7;R13;175/70;CORDIANT;2505;3050
8;R13;175/70;KAMA;2347;2347
9;R13;175/70;NOKIAN;2982;3370
10;R13;175/70;NORDMAN;2982;3370
11;R13;175/70;TIGAR;2862;3056
12;R13;175/70;TOYO;3118;3322
13;R13;175/70;TUNGA;2356;2904
14;R13;175/70;VIATTI;2709;3611
15;R14;102/10;KORMORAN;5574;5906
16;R14;165/60;TIGAR;3027;3170
17;R14;165/65;KORMORAN;2986;3117
18;R14;165/70;HANKOOK;4036;4113
19;R14;165/70;KUMHO;3664;4214
20;R14;165/70;NOKIAN;2892;3436
21;R14;165/70;OVATION;2141;2192
22;R14;165/70;PIRELLI;4337;4462
23;R14;165/80;BARUM;4104;4104
24;R14;175/65;CORDIANT;2627;3114
25;R14;175/65;GITI;3108;3181
26;R14;175/65;GT RADIAL;3108;3181
27;R14;175/65;HANKOOK;3348;3412
28;R14;175/65;KAMA;2767;2872
29;R14;175/65;KORMORAN;2842;3293
30;R14;175/65;NITTO;3730;3730
31;R14;175/65;NOKIAN;3017;3434
32;R14;175/65;PIRELLI;4163;4282
33;R14;175/65;TOYO;3480;4131
34;R14;175/65;TUNGA;2152;2598
35;R14;175/65;VIATTI;2672;3011
36;R14;175/65;YOKOHAMA;3950;4542
37;R14;175/70;BRIDGESTONE;3958;4297
38;R14;175/70;GITI;3152;3226
39;R14;175/70;GT RADIAL;3152;3226
40;R14;175/70;KAMA;2432;2591
41;R14;175/70;NOKIAN;3114;3545
42;R14;175/70;VIATTI;2902;3198
43;R14;185/55;TIGAR;3518;4312
44;R14;185/60;AMTEL;2200;2200
45;R14;185/60;BRIDGESTONE;4030;4107
46;R14;185/60;CORDIANT;3234;4094
47;R14;185/60;KORMORAN;3227;3227
48;R14;185/60;KUMHO;3308;3308
49;R14;185/60;MATADOR;3107;3339
50;R14;185/60;NOKIAN;2948;3018
51;R14;185/60;TUNGA;2364;2819
52;R14;185/60;VIATTI;3102;3585
53;R14;185/65;AMTEL;2230;2230
54;R14;185/65;BFGOODRICH;3774;3774
55;R14;185/65;CONTINENTAL;6270;7007
56;R14;185/65;CORDIANT;2363;2636
57;R14;185/65;KAMA;2397;2788
58;R14;185/65;KUMHO;3463;3463
59;R14;185/65;NOKIAN;2902;3034
60;R14;185/65;PIRELLI;3451;3451
61;R14;185/70;CORDIANT;2798;3219
62;R14;185/70;GITI;3392;3473
63;R14;185/70;GT RADIAL;3392;3473
64;R14;185/70;HANKOOK;3608;3976
65;R14;185/70;KAMA;3152;3904
66;R14;185/70;NOKIAN;3360;3443
67;R14;185/70;TUNGA;2444;2942
68;R14;195/70;HANKOOK;4728;5455
69;R14;205/70;ROSAVA;3828;4669
70;R15;106/10;OVATION;4425;5208
71;R15;175/60;KUMHO;4198;5107
72;R15;175/65;BMW;8508;8637
73;R15;175/65;KORMORAN;3321;3467
74;R15;175/80;TOYO;4530;5230
75;R15;185/55;GOODYEAR;5648;5811
76;R15;185/55;HANKOOK;4774;5364
77;R15;185/55;NOKIAN;3398;4196
78;R15;185/55;NORDMAN;3398;4196
79;R15;185/55;VIATTI;3600;4446
80;R15;185/55;YOKOHAMA;5544;5704
81;R15;185/60;BFGOODRICH;4191;4373
82;R15;185/60;DUNLOP;6415;6415
83;R15;185/60;GITI;3689;3864
84;R15;185/60;GT RADIAL;3689;3864
85;R15;185/60;MARSHAL;6835;6835
86;R15;185/60;MATADOR;3684;4286
87;R15;185/60;MICHELIN;6027;6769
88;R15;185/60;NOKIAN;3851;4185
89;R15;185/60;NORDMAN;3851;4185
90;R15;185/60;SAVA;3513;3513
91;R15;185/60;YOKOHAMA;3774;4457
92;R15;185/65;BFGOODRICH;4390;5070
93;R15;185/65;BRIDGESTONE;4133;4726
94;R15;185/65;GITI;3612;3784
95;R15;185/65;GT RADIAL;3612;3784
96;R15;185/65;KORMORAN;2900;2900
97;R15;185/65;NOKIAN;3913;4796
98;R15;185/65;NORDMAN;2949;3413
99;R15;185/65;PIRELLI;4792;4792
100;R15;185/65;TIGAR;3311;3720
101;R15;185/65;TOYO;3360;3360
102;R15;185/65;TUNGA;2669;3281
103;R15;195/55;BFGOODRICH;4695;4918
104;R15;195/55;GOODYEAR;7452;8262
105;R15;195/55;HANKOOK;7644;7644
106;R15;195/55;KAMA;2990;2990
107;R15;195/55;KORMORAN;6780;6780
108;R15;195/55;MARSHAL;6050;6050
109;R15;195/55;NOKIAN;5077;5951
110;R15;195/60;BRIDGESTONE;4474;4861
111;R15;195/60;GITI;3503;3856
112;R15;195/60;GT RADIAL;3503;3856
113;R15;195/60;HANKOOK;3514;3672
114;R15;195/60;MATADOR;3455;4014
115;R15;195/60;MICHELIN;4215;5019
116;R15;195/60;NOKIAN;3613;4113
117;R15;195/60;VIATTI;3285;3782
118;R15;195/60;YOKOHAMA;4084;4669
119;R15;195/60;ZEETEX;3245;3256
120;R15;195/65;CONTINENTAL;5640;6676
121;R15;195/65;CORDIANT;2867;3279
122;R15;195/65;GITI;3777;3956
123;R15;195/65;GT RADIAL;3777;3956
124;R15;195/65;KAMA;2643;3301
125;R15;195/65;KORMORAN;3571;3728
126;R15;195/65;KUMHO;4170;4170
127;R15;195/65;MARSHAL;3580;3580
128;R15;195/65;MATADOR;3451;3517
129;R15;195/65;NITTO;3680;4340
130;R15;195/65;NOKIAN;3321;3987
131;R15;195/65;NORDMAN;3694;4338
132;R15;195/65;OVATION;2842;3716
133;R15;195/65;PIRELLI;4089;4386
134;R15;195/65;TUNGA;2444;2990
135;R15;195/65;VIATTI;3153;3298
136;R15;195/65;YOKOHAMA;3531;3964
137;R15;195/65;ZEETEX;3325;3336
138;R15;195/65;¡≈Àÿ»Õ¿;2873;3017
139;R15;195/70;CORDIANT;4510;5519
140;R15;195/70;KAMA;4369;4897
141;R15;195/70;KORMORAN;5868;6219
142;R15;195/70;MATADOR;5113;5627
143;R15;195/70;MICHELIN;8300;9030
144;R15;195/70;NOKIAN;7713;8401
145;R15;195/70;NORDMAN;7713;8401
146;R15;195/70;UNIROYAL;5749;5749
147;R15;195/70;VIATTI;5126;6392
148;R15;195/70;YOKOHAMA;6628;8353
149;R15;205/60;CONTINENTAL;5202;5671
150;R15;205/60;KLEBER;4210;4210
151;R15;205/65;DUNLOP;3689;4263
152;R15;205/65;GOODYEAR;4915;5410
153;R15;205/65;KUMHO;4687;5170
154;R15;205/65;MATADOR;3599;3919
155;R15;205/65;MICHELIN;5767;6111
156;R15;205/65;NOKIAN;3812;4430
157;R15;205/65;TUNGA;2909;3456
158;R15;205/65;YOKOHAMA;6495;7074
159;R15;205/65;ZEETEX;3771;3783
160;R15;205/70;BRIDGESTONE;4077;4155
161;R15;205/70;CORDIANT;4901;5538
162;R15;205/70;DUNLOP;4972;6192
163;R15;205/70;GISLAVED;5450;6853
164;R15;205/70;KAMA;4989;6188
165;R15;205/70;KORMORAN;4234;4661
166;R15;205/70;KUMHO;6918;8078
167;R15;205/70;NOKIAN;4472;5205
168;R15;205/70;SUNFULL;3714;3951
169;R15;205/70;TIGAR;5622;5889
170;R15;205/70;VIATTI;4237;4668
171;R15;205/70;YOKOHAMA;5127;5584
172;R15;205/70;¡≈Àÿ»Õ¿;4855;5237
173;R15;205/75;GITI;4787;5014
174;R15;205/75;GT RADIAL;4787;5014
175;R15;215/65;HANKOOK;6390;7012
176;R15;215/65;KAMA;2501;5155
177;R15;215/65;VIATTI;5291;5596
178;R15;215/70;CONTINENTAL;9249;10782
179;R15;215/70;KORMORAN;7073;7496
180;R15;215/70;TIGAR;7483;8310
181;R15;215/70;YOKOHAMA;6172;6722
182;R15;215/75;OVATION;4414;4519
183;R15;215/90;KAMA;4954;5639
184;R15;225/70;CONTINENTAL;9199;10029
185;R15;225/70;KORMORAN;6988;7405
186;R15;225/70;KUMHO;5810;5810
187;R15;225/70;MATADOR;6532;8125
188;R15;225/85;FORWARD;4517;4517
189;R15;225/85;KAMA;4895;5573
190;R15;235/75;NEXEN;6938;6939
191;R15;235/75;ROADSTONE;6938;6939
192;R15;255/70;KUMHO;7972;8505
193;R15;265/70;YOKOHAMA;10108;11704
194;R16;135/90;MAXXIS;9935;13594
195;R16;175/80;HANKOOK;5606;5767
196;R16;175/80;¡≈Àÿ»Õ¿;4258;5387
197;R16;185/75;CORDIANT;4528;5322
198;R16;185/75;FORWARD;3294;3915
199;R16;185/75;KAMA;4345;4904
200;R16;195/45;HANKOOK;4761;6215
201;R16;195/45;KUMHO;5137;6283
202;R16;195/50;KUMHO;4662;7380
203;R16;195/55;BMW;13261;13764
204;R16;195/55;CONTINENTAL;6430;7117
205;R16;195/55;CORDIANT;4650;4650
206;R16;195/55;GISLAVED;8300;8300
207;R16;195/55;KORMORAN;3680;3739
208;R16;195/55;MARSHAL;7896;7896
209;R16;195/55;MATADOR;4745;5424
210;R16;195/55;NOKIAN;5093;5602
211;R16;195/55;YOKOHAMA;7148;7368
212;R16;195/60;GOODYEAR;11277;11277
213;R16;195/65;GITI;5314;5440
214;R16;195/65;GT RADIAL;5314;5440
215;R16;195/65;OVATION;3744;3833
216;R16;195/75;KORMORAN;6633;7030
217;R16;195/75;MICHELIN;984;10154
218;R16;195/75;TIGAR;6167;6664
219;R16;205/45;HANKOOK;6896;8134
220;R16;205/50;TOYO;6182;7140
221;R16;205/55;BFGOODRICH;4454;4717
222;R16;205/55;BMW;12662;14520
223;R16;205/55;CONTINENTAL;7119;8664
224;R16;205/55;CORDIANT;3561;4372
225;R16;205/55;GITI;4524;4738
226;R16;205/55;GOODYEAR;8060;8871
227;R16;205/55;GT RADIAL;4524;4738
228;R16;205/55;KAMA;3061;3082
229;R16;205/55;MARSHAL;4541;5201
230;R16;205/55;NITTO;5290;5290
231;R16;205/55;NOKIAN;5520;6100
232;R16;205/55;NORDMAN;6530;6530
233;R16;205/55;PIRELLI;4652;4886
234;R16;205/55;TOYO;5359;6362
235;R16;205/55;TUNGA;4595;5021
236;R16;205/55;VIATTI;4019;4424
237;R16;205/60;CONTINENTAL;8112;10802
238;R16;205/60;CORDIANT;4119;5039
239;R16;205/60;DUNLOP;4870;4870
240;R16;205/60;GITI;4897;5129
241;R16;205/60;GT RADIAL;4897;5129
242;R16;205/60;KORMORAN;4829;5118
243;R16;205/60;NOKIAN;8087;8522
244;R16;205/60;PIRELLI;8456;9476
245;R16;205/60;TIGAR;6880;6880
246;R16;205/60;TUNGA;3505;4164
247;R16;205/65;DUNLOP;5140;5140
248;R16;205/65;GITI;4996;5893
249;R16;205/65;GT RADIAL;4996;5893
250;R16;205/65;KORMORAN;5266;6141
251;R16;205/65;KUMHO;4183;6523
252;R16;205/65;MATADOR;7539;8457
253;R16;205/65;MICHELIN;11575;13121
254;R16;205/65;NOKIAN;8902;10593
255;R16;205/65;NORDMAN;6555;7215
256;R16;205/65;VIATTI;6520;6639
257;R16;205/65;YOKOHAMA;6031;6811
258;R16;205/70;CORDIANT;5070;5622
259;R16;205/75;KAMA;6020;6125
260;R16;205/75;KORMORAN;6880;7291
261;R16;205/75;MICHELIN;10204;10981
262;R16;205/75;NOKIAN;8577;9375
263;R16;205/75;NORDMAN;8577;9375
264;R16;205/75;TIGAR;6121;6948
265;R16;215/55;GITI;5084;5996
266;R16;215/55;GT RADIAL;5084;5996
267;R16;215/55;KORMORAN;4812;4958
268;R16;215/55;NOKIAN;5665;6363
269;R16;215/55;NORDMAN;7228;8214
270;R16;215/55;PIRELLI;6370;6449
271;R16;215/55;TIGAR;4559;5207
272;R16;215/55;YOKOHAMA;6490;6490
273;R16;215/60;CORDIANT;4252;5195
274;R16;215/60;GISLAVED;5510;6237
275;R16;215/60;GITI;5018;5256
276;R16;215/60;GOODYEAR;6094;7154
277;R16;215/60;GT RADIAL;5018;5256
278;R16;215/60;HANKOOK;5621;6823
279;R16;215/60;LAUFENN;5365;5609
280;R16;215/60;MATADOR;4895;5036
281;R16;215/60;NOKIAN;6795;6795
282;R16;215/60;NORDMAN;5695;5867
283;R16;215/60;PIRELLI;5981;6283
284;R16;215/60;TIGAR;4018;4441
285;R16;215/60;VIATTI;4987;5520
286;R16;215/60;YOKOHAMA;5103;5828
287;R16;215/65;BFGOODRICH;7426;8063
288;R16;215/65;BRIDGESTONE;6375;6559
289;R16;215/65;CORDIANT;5110;5981
290;R16;215/65;GITI;5248;5497
291;R16;215/65;GT RADIAL;5248;5497
292;R16;215/65;KAMA;4103;4846
293;R16;215/65;KORMORAN;7196;7626
294;R16;215/65;MATADOR;5989;6266
295;R16;215/65;TOYO;6280;6280
296;R16;215/70;BRIDGESTONE;5130;5377
297;R16;215/70;CORDIANT;4662;5460
298;R16;215/70;HANKOOK;7432;7646
299;R16;215/70;KORMORAN;6140;7116
300;R16;215/70;MARSHAL;5567;5855
301;R16;215/70;TOYO;6700;6700
302;R16;215/75;CONTINENTAL;10207;11618
303;R16;215/75;KORMORAN;7519;7968
304;R16;215/75;MICHELIN;10880;14890
305;R16;215/75;NOKIAN;9140;10247
306;R16;215/75;NORDMAN;9140;9523
307;R16;215/75;OVATION;5655;6530
308;R16;215/75;TIGAR;6990;7594
309;R16;215/85;OVATION;6467;6968
310;R16;225/50;TIGAR;4814;5948
311;R16;225/55;DUNLOP;7022;7357
312;R16;225/55;GISLAVED;7712;7712
313;R16;225/55;HANKOOK;7552;8345
314;R16;225/55;SAILUN;4690;5475
315;R16;225/55;TIGAR;5151;6490
316;R16;225/60;BRIDGESTONE;7986;8217
317;R16;225/60;MARSHAL;5730;5730
318;R16;225/60;TIGAR;5252;5502
319;R16;225/60;VIATTI;6020;6130
320;R16;225/65;GITI;4991;6613
321;R16;225/65;GT RADIAL;4991;6613
322;R16;225/65;KORMORAN;7717;8178
323;R16;225/75;CONTINENTAL;10474;12066
324;R16;225/75;GISLAVED;7670;7731
325;R16;225/75;MATADOR;6351;7697
326;R16;235/60;BRIDGESTONE;10204;10663
327;R16;235/60;CONTINENTAL;10380;12150
328;R16;235/60;KORMORAN;5179;5701
329;R16;235/60;OVATION;4767;5510
330;R16;235/60;TIGAR;5596;6156
331;R16;235/70;BFGOODRICH;11255;12202
332;R16;235/70;CORDIANT;6454;7352
333;R16;235/70;KORMORAN;6651;7321
334;R16;235/70;KUMHO;7489;8249
335;R16;235/85;BFGOODRICH;15100;16879
336;R16;235/85;OVATION;7227;8350
337;R16;245/70;BRIDGESTONE;7256;8248
338;R16;245/70;CORDIANT;6319;7750
339;R16;245/70;DUNLOP;9074;9506
340;R16;245/70;KORMORAN;6662;7334
341;R16;245/70;MARSHAL;10350;10350
342;R16;245/70;MAXXIS;11663;11882
343;R16;245/70;PIRELLI;6650;6650
344;R16;245/70;YOKOHAMA;8739;9131
345;R16;245/75;BMW;6250;6753
346;R16;245/75;NOKIAN;6706;7026
347;R16;245/75;NORDMAN;6706;7026
348;R16;245/75;OVATION;7648;9013
349;R16;245/75;SUNFULL;6250;6753
350;R16;255/65;GITI;6544;6699
351;R16;255/65;GT RADIAL;6544;6699
352;R16;265/70;BFGOODRICH;16849;18834
353;R16;265/70;GOODYEAR;10210;12663
354;R16;265/75;MICKEY THOMPSON;19672;20556
355;R16;275/70;BFGOODRICH;14874;16628
356;R16;285/75;YOKOHAMA;8324;8698
357;R17;120/70;METZELER;3260;3260
358;R17;125/70;MAXXIS;4033;5882
359;R17;130/80;METZELER;11863;11907
360;R17;135/90;MAXXIS;5608;7505
361;R17;140/80;MITAS;9286;9286
362;R17;150/70;METZELER;15334;15391
363;R17;170/60;METZELER;15863;15921
364;R17;205/45;BMW;16757;17393
365;R17;205/45;KUMHO;7493;9166
366;R17;205/45;PIRELLI;15146;17588
367;R17;205/45;TIGAR;4083;4892
368;R17;205/50;BRIDGESTONE;9274;10841
369;R17;205/50;GISLAVED;6825;7131
370;R17;205/50;GOODYEAR;8879;10175
371;R17;205/55;KUMHO;8485;10379
372;R17;205/55;TIGAR;4640;5302
373;R17;215/40;NEXEN;5660;5765
374;R17;215/40;PIRELLI;11278;11784
375;R17;215/40;ROADSTONE;5660;5765
376;R17;215/45;CONTINENTAL;7566;8328
377;R17;215/50;BRIDGESTONE;9878;10321
378;R17;215/50;DUNLOP;8379;8379
379;R17;215/50;HANKOOK;7591;8477
380;R17;215/55;KORMORAN;5970;6377
381;R17;215/55;MARSHAL;5970;6315
382;R17;215/55;MATADOR;5687;6197
383;R17;215/55;NOKIAN;6152;6355
384;R17;215/55;PIRELLI;7184;7485
385;R17;215/55;TIGAR;4681;4933
386;R17;215/55;TOYO;8607;11547
387;R17;215/55;YOKOHAMA;7830;8715
388;R17;215/60;CONTINENTAL;11900;13413
389;R17;215/60;DUNLOP;7669;8436
390;R17;215/60;OVATION;4984;5372
391;R17;215/60;TIGAR;4891;5940
392;R17;215/65;GITI;6061;7150
393;R17;215/65;GT RADIAL;6061;7150
394;R17;215/65;HANKOOK;8607;9630
395;R17;215/65;KORMORAN;6554;7076
396;R17;215/65;KUMHO;6965;7908
397;R17;215/65;PIRELLI;10532;11498
398;R17;215/65;SAILUN;4853;5724
399;R17;215/65;TIGAR;4580;4946
400;R17;215/75;BFGOODRICH;14613;15365
401;R17;215/75;KAMA;10513;11212
402;R17;215/75;ORIUM;13511;13880
403;R17;215/75;SAVA;15355;15355
404;R17;225/45;AMTEL;5012;5236
405;R17;225/45;BFGOODRICH;6842;8489
406;R17;225/45;BRIDGESTONE;10924;11415
407;R17;225/45;CONTINENTAL;8697;9722
408;R17;225/45;KUMHO;6949;7338
409;R17;225/45;MARSHAL;5355;7102
410;R17;225/45;OVATION;5130;6085
411;R17;225/45;TIGAR;5134;6378
412;R17;225/45;VIATTI;5613;5938
413;R17;225/50;BFGOODRICH;7114;7536
414;R17;225/50;CONTINENTAL;11486;12840
415;R17;225/50;CORDIANT;5401;5608
416;R17;225/50;GOODYEAR;8250;8620
417;R17;225/50;NOKIAN;7599;8439
418;R17;225/50;NORDMAN;7599;8439
419;R17;225/50;PIRELLI;8977;9254
420;R17;225/55;BFGOODRICH;6461;6845
421;R17;225/55;BMW;14921;15487
422;R17;225/55;GISLAVED;6097;6707
423;R17;225/55;GOODYEAR;9282;10137
424;R17;225/55;NOKIAN;7057;8524
425;R17;225/55;NORDMAN;12285;13710
426;R17;225/55;PIRELLI;6167;6813
427;R17;225/55;TIGAR;5902;7200
428;R17;225/55;YOKOHAMA;7559;8457
429;R17;225/60;DUNLOP;7558;8114
430;R17;225/60;GITI;5370;6168
431;R17;225/60;GT RADIAL;5370;6168
432;R17;225/60;HANKOOK;7770;8622
433;R17;225/60;KUMHO;6484;8010
434;R17;225/60;NORDMAN;4025;4025
435;R17;225/60;TIGAR;6922;7251
436;R17;225/60;YOKOHAMA;6329;7112
437;R17;225/65;DUNLOP;6959;7291
438;R17;225/65;GITI;5545;5808
439;R17;225/65;GOODYEAR;8298;9134
440;R17;225/65;GT RADIAL;5545;5808
441;R17;225/65;MATADOR;4972;5473
442;R17;225/65;OVATION;4586;5121
443;R17;225/65;TRIANGLE;4694;5167
444;R17;225/65;TRIANGLE GROUP;4694;5167
445;R17;225/65;VIATTI;5801;6321
446;R17;225/65;YOKOHAMA;7083;7925
447;R17;225/65;ZEETEX;5188;5204
448;R17;225/75;NORDMAN;10853;13155
449;R17;235/45;DUNLOP;8277;10189
450;R17;235/45;KUMHO;7184;8038
451;R17;235/45;MARSHAL;4552;6615
452;R17;235/45;NEXEN;8383;8383
453;R17;235/45;ROADSTONE;8383;8383
454;R17;235/55;BRIDGESTONE;10790;11870
455;R17;235/55;GISLAVED;5776;6300
456;R17;235/55;GITI;5911;6974
457;R17;235/55;GOODYEAR;9149;10226
458;R17;235/55;GT RADIAL;5911;6974
459;R17;235/55;HANKOOK;8721;9498
460;R17;235/55;KUMHO;7046;8525
461;R17;235/55;MARSHAL;7955;9025
462;R17;235/55;NITTO;7942;9170
463;R17;235/55;PIRELLI;8667;10383
464;R17;235/55;VIATTI;6735;7109
465;R17;235/60;CONTINENTAL;10365;11587
466;R17;235/60;KUMHO;8253;9057
467;R17;235/60;TIGAR;7966;9200
468;R17;235/65;BRIDGESTONE;8450;10316
469;R17;235/65;GITI;6610;6923
470;R17;235/65;GOODYEAR;8458;9212
471;R17;235/65;GT RADIAL;6610;6923
472;R17;235/65;YOKOHAMA;6720;7343
473;R17;235/75;BFGOODRICH;17274;18318
474;R17;235/75;KAMA;12890;14004
475;R17;235/75;ORIUM;15113;15520
476;R17;235/75;SAVA;18631;18631
477;R17;245/45;BFGOODRICH;6464;6650
478;R17;245/45;HANKOOK;7586;8349
479;R17;245/45;JOYROAD;8080;8611
480;R17;245/45;MICHELIN;13130;14389
481;R17;245/45;TOYO;9577;10248
482;R17;245/65;GOODYEAR;10885;11374
483;R17;245/70;BFGOODRICH;19086;20058
484;R17;245/70;KAMA;11528;12606
485;R17;245/70;ORIUM;14930;15653
486;R17;255/40;GOODYEAR;10522;11763
487;R17;255/60;MATADOR;7097;8188
488;R17;265/65;BRIDGESTONE;9033;10428
489;R17;265/65;CONTINENTAL;11485;12115
490;R17;265/65;CORDIANT;6727;7611
491;R17;265/65;DUNLOP;7725;8784
492;R17;265/65;GITI;8796;9004
493;R17;265/65;GOODYEAR;11764;13150
494;R17;265/65;GT RADIAL;8796;9004
495;R17;265/65;KORMORAN;8074;8886
496;R17;265/65;KUMHO;6918;7772
497;R17;265/65;MICHELIN;12152;13584
498;R17;265/65;NOKIAN;10986;11882
499;R17;265/70;OVATION;8510;8510
500;R17;275/55;HANKOOK;8378;9365
501;R17;275/65;BFGOODRICH;15831;17697
502;R17;285/70;BFGOODRICH;18487;20666
503;R17;315/70;BFGOODRICH;23372;26126
504;R18;130/70;METZELER;20578;20654
505;R18;215/40;YOKOHAMA;9186;10314
506;R18;215/50;TOYO;7580;8286
507;R18;225/40;PIRELLI;11350;11860
508;R18;225/45;BMW;14055;14588
509;R18;225/45;GOODYEAR;10974;12362
510;R18;225/45;KORMORAN;6770;7334
511;R18;225/45;YOKOHAMA;10350;11850
512;R18;225/50;CONTINENTAL;12632;14121
513;R18;225/50;KUMHO;10274;10619
514;R18;225/50;PIRELLI;11441;13305
515;R18;225/50;TOYO;9046;10450
516;R18;225/55;DUNLOP;8499;9822
517;R18;225/55;MARSHAL;6893;7515
518;R18;225/55;NOKIAN;9311;9311
519;R18;225/55;OVATION;5006;6111
520;R18;225/55;PIRELLI;6403;7346
521;R18;225/55;VIATTI;6412;6597
522;R18;225/55;YOKOHAMA;8310;9960
523;R18;225/60;BRIDGESTONE;11284;11499
524;R18;225/60;PIRELLI;6657;7638
525;R18;225/60;YOKOHAMA;9212;10398
526;R18;225/65;MICHELIN;9785;14267
527;R18;235/40;CONTINENTAL;10760;16113
528;R18;235/40;DUNLOP;8091;9790
529;R18;235/40;GISLAVED;8411;9172
530;R18;235/40;GOODYEAR;7942;9109
531;R18;235/40;MARSHAL;9050;9050
532;R18;235/40;TOYO;10860;12540
533;R18;235/45;BRIDGESTONE;14847;15514
534;R18;235/45;DUNLOP;11741;12300
535;R18;235/45;GOODYEAR;12882;14029
536;R18;235/45;NOKIAN;7960;8945
537;R18;235/45;TIGAR;5394;7002
538;R18;235/50;BRIDGESTONE;11246;12234
539;R18;235/50;GOODYEAR;10998;11492
540;R18;235/50;HANKOOK;11280;11787
541;R18;235/50;MICHELIN;9319;14912
542;R18;235/50;NEXEN;9062;10035
543;R18;235/50;PIRELLI;13086;13674
544;R18;235/50;ROADSTONE;9062;10035
545;R18;235/50;YOKOHAMA;11320;12913
546;R18;235/55;BFGOODRICH;11591;12143
547;R18;235/55;BRIDGESTONE;9303;10740
548;R18;235/55;CONTINENTAL;11025;11651
549;R18;235/55;GOODYEAR;8949;9923
550;R18;235/55;HANKOOK;9207;10607
551;R18;235/55;KUMHO;7533;8059
552;R18;235/55;MARSHAL;6578;8221
553;R18;235/55;NITTO;9200;10630
554;R18;235/55;TOYO;8654;10105
555;R18;235/55;VIATTI;7465;7738
556;R18;235/60;BFGOODRICH;6681;7079
557;R18;235/60;CONTINENTAL;11650;12688
558;R18;235/60;GENERAL TIRE;8559;9130
559;R18;235/60;KORMORAN;10367;10367
560;R18;235/60;KUMHO;7365;7365
561;R18;235/60;MATADOR;7535;8294
562;R18;235/60;MICHELIN;10932;11331
563;R18;235/60;OVATION;6181;7140
564;R18;235/60;PIRELLI;7482;8394
565;R18;235/60;TIGAR;8052;10147
566;R18;235/60;TOYO;9248;10680
567;R18;235/60;YOKOHAMA;8754;9930
568;R18;235/65;BFGOODRICH;6605;6998
569;R18;235/65;HANKOOK;7540;7976
570;R18;235/65;MICHELIN;11846;11846
571;R18;235/65;NITTO;6859;8573
572;R18;235/65;NOKIAN;6324;7240
573;R18;235/65;NORDMAN;6324;7240
574;R18;245/40;BFGOODRICH;7870;8097
575;R18;245/40;CONTINENTAL;12475;14022
576;R18;245/40;DUNLOP;10984;10985
577;R18;245/40;HANKOOK;10136;13304
578;R18;245/40;MARSHAL;6700;8300
579;R18;245/40;MICHELIN;13934;14996
580;R18;245/40;NOKIAN;10840;11806
581;R18;245/40;NORDMAN;10840;11806
582;R18;245/40;TIGAR;5370;7099
583;R18;245/40;YOKOHAMA;10054;10950
584;R18;245/45;BMW;11349;11666
585;R18;245/45;CONTINENTAL;12711;13282
586;R18;245/45;GOODYEAR;11460;13860
587;R18;245/45;HANKOOK;8254;9228
588;R18;245/45;KORMORAN;8016;8362
589;R18;245/45;MARSHAL;8717;9460
590;R18;245/45;PIRELLI;13696;14739
591;R18;245/50;HANKOOK;11311;11819
592;R18;245/50;MICHELIN;15646;17982
593;R18;245/50;PIRELLI;14740;15936
594;R18;245/60;CONTINENTAL;11440;11954
595;R18;245/60;DUNLOP;10431;12620
596;R18;245/60;TIGAR;8196;8587
597;R18;255/35;DUNLOP;10297;11326
598;R18;255/35;KUMHO;10069;12240
599;R18;255/35;NITTO;9141;10560
600;R18;255/45;VIATTI;9944;10220
601;R18;255/55;BFGOODRICH;11786;13304
602;R18;255/55;BRIDGESTONE;8334;9620
603;R18;255/55;CONTINENTAL;10475;12990
604;R18;255/55;DUNLOP;9045;9504
605;R18;255/55;GOODYEAR;7263;9252
606;R18;255/55;MARSHAL;7447;8422
607;R18;255/55;MATADOR;8298;9134
608;R18;255/55;NITTO;7377;8909
609;R18;255/55;TOYO;8145;9129
610;R18;255/60;MARSHAL;9416;11680
611;R18;255/60;YOKOHAMA;9023;9840
612;R18;265/35;KUMHO;11571;12667
613;R18;265/35;MARSHAL;7200;7200
614;R18;265/35;YOKOHAMA;12664;13494
615;R18;265/60;BRIDGESTONE;9117;10525
616;R18;265/60;GISLAVED;7792;8383
617;R18;265/60;MARSHAL;7334;9175
618;R18;265/60;NOKIAN;9831;11365
619;R18;265/60;NORDMAN;9831;11365
620;R18;265/60;OVATION;7891;9120
621;R18;265/65;BFGOODRICH;16675;18293
622;R18;275/35;BRIDGESTONE;16274;17006
623;R18;275/35;MICHELIN;6264;10848
624;R18;275/65;GITI;9607;9835
625;R18;275/65;GT RADIAL;9607;9835
626;R18;285/60;BRIDGESTONE;9551;11025
627;R18;285/60;MICHELIN;13502;15778
628;R18;285/60;TOYO;9757;11514
629;R18;285/60;VIATTI;7902;8130
630;R18;285/60;YOKOHAMA;8145;10185
631;R19;110/80;METZELER;12566;12611
632;R19;120/70;METZELER;17947;18069
633;R19;215/35;SAILUN;7150;8370
634;R19;225/35;SAILUN;7006;7754
635;R19;225/40;OVATION;5079;5870
636;R19;225/40;PIRELLI;19035;19890
637;R19;225/45;GOODYEAR;11793;13118
638;R19;225/45;PIRELLI;11964;13536
639;R19;235/40;NORDMAN;15016;15690
640;R19;235/45;OVATION;5691;6580
641;R19;235/55;BRIDGESTONE;10279;10741
642;R19;235/55;CONTINENTAL;13360;14904
643;R19;235/55;MARSHAL;8330;8948
644;R19;235/55;MICHELIN;12926;14449
645;R19;235/55;NOKIAN;10945;11862
646;R19;235/55;OVATION;6345;7330
647;R19;235/55;PIRELLI;8690;8690
648;R19;235/55;TIGAR;7271;7512
649;R19;235/55;YOKOHAMA;9306;9772
650;R19;235/65;PIRELLI;10598;20375
651;R19;245/35;NITTO;9724;11230
652;R19;245/40;PIRELLI;17544;19475
653;R19;245/45;MATADOR;8771;9805
654;R19;245/55;DUNLOP;7848;11320
655;R19;245/55;KUMHO;8517;9495
656;R19;245/55;NITTO;7980;7980
657;R19;245/55;NOKIAN;10131;11229
658;R19;245/55;NORDMAN;9718;11439
659;R19;245/70;SAVA;20720;20720
660;R19;255/35;KORMORAN;9470;9470
661;R19;255/35;KUMHO;11189;11189
662;R19;255/40;BRIDGESTONE;12003;12543
663;R19;255/40;CONTINENTAL;15260;15718
664;R19;255/40;HANKOOK;11709;12234
665;R19;255/40;KUMHO;11931;13942
666;R19;255/40;MATADOR;8350;9334
667;R19;255/40;PIRELLI;14042;15697
668;R19;255/45;BRIDGESTONE;13553;14161
669;R19;255/45;NOKIAN;11497;15708
670;R19;255/45;NORDMAN;11935;18303
671;R19;255/45;PIRELLI;23151;24498
672;R19;255/50;DUNLOP;10881;12708
673;R19;255/50;GITI;8159;8545
674;R19;255/50;GOODYEAR;16560;17340
675;R19;255/50;GT RADIAL;8159;8545
676;R19;255/50;KORMORAN;8272;9106
677;R19;255/50;KUMHO;9424;10586
678;R19;255/50;PIRELLI;11404;11952
679;R19;255/50;TIGAR;8120;8832
680;R19;255/50;YOKOHAMA;11190;11190
681;R19;255/55;GOODYEAR;19742;22378
682;R19;255/55;HANKOOK;9242;9657
683;R19;255/55;KUMHO;9278;10290
684;R19;255/55;MICHELIN;30390;39462
685;R19;255/55;PIRELLI;11479;12800
686;R19;255/55;YOKOHAMA;10584;11753
687;R19;265/40;MICHELIN;24980;26267
688;R19;265/50;CONTINENTAL;14850;16820
689;R19;265/50;DUNLOP;13113;13992
690;R19;265/50;PIRELLI;17142;17912
691;R19;265/70;SAVA;20495;20495
692;R19;275/35;PIRELLI;21758;24385
693;R19;275/40;CONTINENTAL;16746;18719
694;R19;275/40;MICHELIN;25149;30698
695;R19;275/40;PIRELLI;24763;26714
696;R19;275/55;BRIDGESTONE;14165;16353
697;R19;275/55;GOODYEAR;14785;16219
698;R19;275/55;HANKOOK;12262;12813
699;R19;285/45;DUNLOP;12545;13143
700;R19;285/45;HANKOOK;13250;14090
701;R19;285/70;BFGOODRICH;24268;25833
702;R19;295/35;TOYO;20310;23642
703;R19;325/30;TOYO;15721;15971
704;R19;435/50;GITI;45270;45270
705;R19;435/50;GT RADIAL;45270;45270
706;R20;154/14;KAMA;16089;16438
707;R20;154/15;TYREX;25236;25236
708;R20;235/55;BRIDGESTONE;14891;15997
709;R20;245/35;OVATION;6289;7393
710;R20;245/40;CONTINENTAL;18711;21107
711;R20;245/40;MICHELIN;19151;21679
712;R20;245/40;NORDMAN;15754;17389
713;R20;245/40;PIRELLI;18878;20841
714;R20;245/45;MICHELIN;22410;23547
715;R20;245/45;PIRELLI;15077;15416
716;R20;245/50;GOODYEAR;16775;18752
717;R20;245/50;NOKIAN;11584;13670
718;R20;245/50;NORDMAN;11584;13670
719;R20;245/50;PIRELLI;23690;24753
720;R20;255/35;PIRELLI;18526;19411
721;R20;255/40;MICHELIN;22784;23722
722;R20;255/45;DUNLOP;13571;13572
723;R20;255/45;KUMHO;12641;13873
724;R20;255/45;NOKIAN;10353;10785
725;R20;255/50;HANKOOK;12504;13315
726;R20;255/50;PIRELLI;22260;23260
727;R20;265/35;CONTINENTAL;21820;23816
728;R20;265/35;MICHELIN;22828;23656
729;R20;265/40;TOYO;17586;20154
730;R20;265/45;DUNLOP;14060;17199
731;R20;265/45;MARSHAL;12828;14504
732;R20;265/45;MICHELIN;15903;19475
733;R20;265/45;TRIANGLE;9670;9670
734;R20;265/45;TRIANGLE GROUP;9670;9670
735;R20;265/50;DUNLOP;13302;13748
736;R20;265/50;MICHELIN;23202;25936
737;R20;265/60;BFGOODRICH;23125;25850
738;R20;275/30;NITTO;13934;16448
739;R20;275/30;OVATION;7669;9002
740;R20;275/40;DUNLOP;7590;13544
741;R20;275/40;GISLAVED;10868;11100
742;R20;275/40;HANKOOK;12302;12855
743;R20;275/40;KINFOREST;7900;9450
744;R20;275/40;MARSHAL;12061;13545
745;R20;275/40;MICHELIN;23565;26410
746;R20;275/40;PIRELLI;9230;9230
747;R20;275/40;TIGAR;8630;10794
748;R20;275/40;YOKOHAMA;13673;15781
749;R20;275/45;GOODYEAR;11344;13820
750;R20;275/45;KUMHO;11881;13674
751;R20;275/45;MARSHAL;11431;12838
752;R20;275/45;MICHELIN;22557;25557
753;R20;275/45;TOYO;12971;15417
754;R20;275/50;CONTINENTAL;19199;23810
755;R20;275/50;DUNLOP;14753;15717
756;R20;275/55;BRIDGESTONE;12569;15516
757;R20;275/55;GITI;9904;10373
758;R20;275/55;GT RADIAL;9904;10373
759;R20;275/55;OVATION;9904;11410
760;R20;275/55;TOYO;12849;14840
761;R20;285/35;CONTINENTAL;22106;24103
762;R20;285/40;NORDMAN;17462;19051
763;R20;285/45;GOODYEAR;22717;24936
764;R20;285/45;PIRELLI;23258;25999
765;R20;285/50;BRIDGESTONE;17613;20042
766;R20;285/50;DUNLOP;11126;15709
767;R20;285/50;NOKIAN;12805;16390
768;R20;285/55;BFGOODRICH;26110;27497
769;R20;295/35;GOODYEAR;20981;23453
770;R20;295/40;GOODYEAR;18106;20240
771;R20;295/40;NOKIAN;13876;14500
772;R20;295/40;YOKOHAMA;10804;15655
773;R20;305/50;SAILUN;14045;15640
774;R20;315/35;MICHELIN;35445;39622
775;R20;315/35;NITTO;11611;13900
776;R20;315/35;NORDMAN;15028;17073
777;R21;245/30;MICHELIN;21557;22063
778;R21;265/40;HANKOOK;15732;16438
779;R21;265/40;MICHELIN;22777;25461
780;R21;265/45;DUNLOP;13382;18401
781;R21;265/45;YOKOHAMA;15021;15696
782;R21;275/35;DUNLOP;9912;28876
783;R21;275/35;MICHELIN;30002;34471
784;R21;275/35;NITTO;16876;18163
785;R21;275/35;TOYO;16830;18906
786;R21;275/40;CONTINENTAL;17486;18271
787;R21;275/40;PIRELLI;20836;23292
788;R21;275/40;TOYO;16820;18853
789;R21;275/45;CONTINENTAL;19331;20199
790;R21;275/45;NITTO;16500;16500
791;R21;285/35;YOKOHAMA;29420;30891
792;R21;285/40;PIRELLI;19129;23400
793;R21;285/45;GOODYEAR;37499;39519
794;R21;295/40;GOODYEAR;21320;22428
795;R21;295/40;KINFOREST;10450;11625
796;R21;295/40;YOKOHAMA;16656;18140
797;R22;148/14;KAMA;21145;21668
798;R22;255/40;CONTINENTAL;29883;32606
799;R22;275/35;PIRELLI;31904;41971
800;R22;275/40;TOYO;22240;22240
801;R22;275/70;TYREX;16367;17060
802;R22;285/35;LANDSAIL;7892;9384
803;R22;285/35;MICHELIN;26647;29788
804;R22;285/35;NEXEN;13851;14906
805;R22;285/35;ROADSTONE;13851;14906
806;R22;295/35;MICHELIN;33546;37499
807;R22;295/35;PIRELLI;43187;45127
808;R22;295/40;TOYO;19740;19919
809;R22;295/75;KAMA;18573;18573
810;R22;295/80;ORIUM;23640;24246
811;R22;295/80;SAVA;28538;28538
812;R22;305/40;OVATION;9374;10800
813;R22;315/60;CORDIANT;25190;25190
814;R22;315/60;MICHELIN;23956;23956
815;R22;315/70;ORIUM;24702;25334
816;R22;315/80;BFGOODRICH;31984;32085
817;R22;315/80;CORDIANT;27190;27916
818;R22;315/80;ORIUM;23870;25301
819;R22;325/35;CONTINENTAL;26877;30606
820;R22;385/55;BFGOODRICH;36013;37867
821;R22;385/65;BFGOODRICH;35524;35664
822;R22;385/65;DOUBLESTAR;24187;25094
823;R22;385/65;TYREX;24198;24198
824;R24;160/15;KAMA;32381;35704
825;R25;235/60;TRIANGLE;6119;6737
826;R25;235/60;TRIANGLE GROUP;6119;6737
827;R25;245/65;TRIANGLE;5596;6161
828;R25;245/65;TRIANGLE GROUP;5596;6161
829;R29;245/75;TRIANGLE;6314;6951
830;R29;245/75;TRIANGLE GROUP;6314;6951
831;R68;285/70;TRIANGLE;20500;20500
832;R68;285/70;TRIANGLE GROUP;20500;20500
833;R75;205/55;TRIANGLE;4849;4849
834;R75;205/55;TRIANGLE GROUP;4849;4849
835;R88;275/35;TOYO;17615;20544
836;R92;225/65;TRIANGLE;5051;5561
837;R92;225/65;TRIANGLE GROUP;5051;5561
838;r16;215/60;NORDMAN;6483;7524
839;r16;215/70;LAUFENN;5635;6506
